,Returns,Volume_Change,High_Low_Ratio,VIX,VIX_Change_5d,Short_Trend_Signal,Tomorrow_Up
2023-11-30,-0.01822365903621015,0.6267357054641343,0.03252593168925544,12.92,0.005447470817120603,0,0
2023-12-01,-0.005055419139667561,-0.19354524306009757,0.011020145875753729,12.63,0.013643659711075395,0,0
2023-12-04,-0.019641980554817917,0.16626010183733375,0.016653613979723092,13.08,0.030732860520094718,0,1
2023-12-05,0.013305509229590173,-0.2532076716871331,0.030331379256518076,12.85,0.012608353033884967,0,0
2023-12-06,-0.0074050893773902615,-0.13907715228886097,0.015090786736931205,12.97,-0.0007704160246533309,0,1
2023-12-07,0.05314557281524035,1.4078138122343717,0.028656278380130518,13.06,0.010835913312693624,1,0
2023-12-08,-0.014167828440791563,-0.4317113257503026,0.01768257210156432,12.35,-0.022169437846397577,1,0
2023-12-11,-0.012593633630188394,-0.03478290519868199,0.01507304901293538,12.63,-0.0344036697247706,1,0
2023-12-12,-0.00577675619854956,-0.06760870961526111,0.013256175270321524,12.07,-0.06070038910505837,0,1
2023-12-13,0.0003773763843075706,0.036923755201013986,0.014668941007393244,12.19,-0.060138781804163544,0,0
2023-12-14,-0.004752221566521331,0.28625335494671944,0.031074089778952763,12.48,-0.0444104134762634,0,1
2023-12-15,0.005002217734868752,0.31311850505133987,0.01776186889119158,12.28,-0.005668016194331993,1,1
2023-12-18,0.02413276654043295,-0.3655882046370392,0.03564148215471685,12.56,-0.005542359461599422,1,1
2023-12-19,0.006259088451442629,-0.21021762043524084,0.010214575036338935,12.53,0.0381110190555094,1,1
2023-12-20,0.012367342579111096,0.9275262199334295,0.026290935260830484,13.67,0.12141099261689914,1,1
2023-12-21,0.015035627472541169,-0.44023890590381853,0.010849330687511705,13.65,0.09375,1,1
2023-12-22,0.007619866667104347,-0.034782070917444896,0.00909671464872952,13.03,0.06107491856677516,1,1
2023-12-26,0.00021196259555145147,-0.3675496189535734,0.010553085973586063,12.99,0.03423566878980888,1,0
2023-12-27,-0.00812604411796003,0.16974070785385242,0.01565517514448067,12.43,-0.007980845969672745,0,0
2023-12-28,-0.0009972336644019641,-0.18253466879960878,0.009946328369577317,12.47,-0.08778346744696408,0,0
2023-12-29,-0.0038509227894801823,0.16747789127305124,0.01138493907589222,12.45,-0.08791208791208793,0,0
2024-01-02,-0.010881306289089898,0.26574494208082,0.02176143987161505,13.2,0.01304681504221028,0,1
2024-01-03,0.005428172455227198,0.02112503795674625,0.018602298057309508,14.04,0.08083140877598138,0,0
2024-01-04,-0.01821188427473963,0.12083214591051572,0.020608708711464585,14.13,0.13676588897827835,0,0
2024-01-05,-0.004839123203774887,-0.17038289906661208,0.014872436969287195,13.35,0.07056936647955081,0,1
2024-01-08,0.022913155246556904,-0.0492984334122476,0.02018200580407381,13.08,0.050602409638554224,1,1
2024-01-09,0.015197487664455833,0.15677443468510566,0.02417670462716326,12.76,-0.033333333333333326,1,1
2024-01-10,0.009435879078607323,-0.1389117756345014,0.014832135998678053,12.69,-0.09615384615384615,1,0
2024-01-11,-0.0014056338304974103,0.12610106847027702,0.03256542840536869,12.44,-0.1196036801132343,1,1
2024-01-12,0.004011754866735773,-0.21755446983801707,0.009730570813387462,12.7,-0.048689138576779034,1,0
2024-01-16,-0.0011215257661739697,0.20680844268185572,0.020502009316653247,13.84,0.05810397553516822,1,0
2024-01-17,-0.007158414795358281,-0.07507112767693702,0.021166325202269798,14.79,0.15909090909090895,0,1
2024-01-18,0.014208061776712633,0.22785498316530428,0.015634911858708245,14.13,0.1134751773049647,1,1
2024-01-19,0.020211706194129597,0.3311336730572041,0.0143371103714105,13.3,0.06913183279742774,1,0
2024-01-22,-0.002664197170113125,-0.06044310353379878,0.0174849363397529,13.19,0.03858267716535435,1,1
2024-01-23,0.007192015630286708,-0.32807977540651667,0.011546341414304218,12.55,-0.09320809248554907,1,1
2024-01-24,0.011289596552036985,0.16626841251427016,0.0118163398236244,13.14,-0.11156186612576058,1,1
2024-01-25,0.021317979635168793,0.1551746685953197,0.02347204709919226,13.45,-0.04812455767869794,1,1
2024-01-26,0.0021072811470164154,-0.10407182382989522,0.010131771637324372,13.26,-0.00300751879699257,1,1
2024-01-29,0.008673271344859845,0.06390074859757622,0.015518762577946266,13.6,0.031084154662623265,1,0
2024-01-30,-0.013354125633950109,0.30763776665238995,0.016072442863561687,13.31,0.06055776892430287,0,0
2024-01-31,-0.07500326381649347,0.9792578402391294,0.02952745425744996,14.35,0.09208523592085238,0,1
2024-02-01,0.007565879442052115,-0.4372618550966486,0.01612333532716015,13.88,0.0319702602230485,0,1
2024-02-02,0.008642757218814356,0.5444775307970791,0.04483512906364462,13.85,0.044494720965309265,0,1
2024-02-05,0.00913058022466573,-0.3839096570218049,0.018840190953946845,13.67,0.0051470588235293935,0,1
2024-02-06,0.0029229935817114416,-0.2435294789821687,0.015154676527317612,13.06,-0.018782870022539422,1,1
2024-02-07,0.009992910795113552,-0.13455345678758046,0.011741836499729041,12.83,-0.10592334494773514,1,1
2024-02-08,0.002542444540790667,-0.10492722808214561,0.008476882672641572,12.79,-0.07853025936599434,1,1
2024-02-09,0.021177427437309104,0.1890506031785426,0.022301340326753794,12.93,-0.06642599277978334,1,0
2024-02-12,-0.009865873044024864,-0.1962541232598446,0.013367722643517821,13.93,0.019019751280175523,1,0
2024-02-13,-0.0161999779844344,0.2909279775181899,0.020739061012642335,15.85,0.21362940275650844,0,1
2024-02-14,0.005511954388498053,-0.18440819464251712,0.016864515208064645,14.38,0.12081060015588463,0,0
2024-02-15,-0.02172124718780566,0.655671637846742,0.021785543302922594,14.01,0.09538702111024233,0,0
2024-02-16,-0.015759618203270542,-0.16285411019214857,0.02176397220666093,14.24,0.10131477184841464,0,1
2024-02-20,0.004269717663539119,-0.20096666867923574,0.01856761227253334,15.42,0.10696338837042352,0,1
2024-02-21,0.010133271435911029,-0.07641371740366754,0.01428781539857904,15.34,-0.032176656151419514,0,1
2024-02-22,0.010803214946405237,0.17088871951875917,0.015406140764890441,14.54,0.011126564673157091,1,0
2024-02-23,-0.0009019664126005411,-0.28310268866831667,0.00871505308394993,13.75,-0.01855817273376159,1,0
2024-02-26,-0.04438758886263827,1.7517364495378018,0.036756700445391255,13.74,-0.0351123595505618,0,1
2024-02-27,0.009522639526559518,-0.38295881197126125,0.01575609978707382,13.43,-0.12905317769130997,0,0
2024-02-28,-0.01800118062291578,0.12777952337216614,0.01920087714652441,13.84,-0.09778357235984358,0,1
2024-02-29,0.015251372770002103,0.12870560374618933,0.01803524064476214,13.4,-0.0784044016506189,0,0
2024-03-01,-0.009533555305073493,-0.2606484228514466,0.014241870978088045,13.11,-0.046545454545454557,0,0
2024-03-04,-0.027635765101710286,0.7976700662255907,0.02842847317028152,13.49,-0.0181950509461426,0,0
2024-03-05,-0.00509945198749584,-0.28222802387168433,0.019667921942540634,14.46,0.07669396872673118,0,0
2024-03-06,-0.009572785689668573,-0.1213141998467463,0.02086355063200651,14.5,0.047687861271676235,0,1
2024-03-07,0.022679136555383783,0.06850781174791742,0.025302042516613943,14.44,0.07761194029850738,1,1
2024-03-08,0.007664749993254283,0.043250605487278104,0.030522360730527165,14.74,0.124332570556827,1,1
2024-03-11,0.016689958736897603,-0.17608660313331848,0.021817388629786993,15.22,0.1282431430689399,1,1
2024-03-12,0.006028989997141965,-0.1502691304589091,0.017149573994382106,13.84,-0.042876901798063694,1,1
2024-03-13,0.009314040992784767,-0.1529637127495157,0.015108934180378064,13.75,-0.051724137931034475,1,1
2024-03-14,0.023678346070197698,0.8312003152412282,0.022283849312349613,14.4,-0.0027700831024930483,1,0
2024-03-15,-0.013417168762337672,0.15722726145756827,0.022495136213270372,14.41,-0.02238805970149249,1,1
2024-03-18,0.04604039941255822,0.4001645262089846,0.033838389546096526,14.33,-0.05847568988173457,1,0
2024-03-19,-0.0044012417733555464,-0.6525319132657849,0.01855141991449516,13.82,-0.0014450867052022698,1,1
2024-03-20,0.011630287295756325,-0.11461795400159536,0.014447287977553236,13.04,-0.0516363636363637,1,0
2024-03-21,-0.007664454717430602,0.16160758276048148,0.023621520523331885,12.92,-0.10277777777777786,1,1
2024-03-22,0.021477062105867306,0.18000775582090522,0.01745204844998538,13.06,-0.09368494101318525,1,0
2024-03-25,-0.004642938920621176,-0.3417283426560499,0.017318342793603225,13.19,-0.07955338450802518,1,1
2024-03-26,0.00399810844382853,0.151841200667731,0.015202019230876607,13.24,-0.04196816208393628,1,1
2024-03-27,0.0013272597806126551,0.03296296463513193,0.01840164946594247,12.78,-0.019938650306748462,1,1
2024-03-28,0.0003979760251013875,0.07020350361900762,0.008390454299789019,13.01,0.006965944272445901,1,1
2024-04-01,0.0302124629527174,0.2959069486306125,0.03406151558344739,13.65,0.045176110260336966,1,0
2024-04-02,-0.005980994803559958,-0.22516923619952856,0.016759797266194587,14.61,0.10765731614859742,1,1
2024-04-03,0.002329257067195778,0.004840152932563235,0.0153866703938621,14.33,0.0823262839879153,1,0
2024-04-04,-0.028337174010233945,0.4055737704918032,0.028713907689243312,16.35,0.279342723004695,0,1
2024-04-05,0.01308703391456656,-0.3244232491569402,0.025534705277929115,16.03,0.23212913143735592,0,1
2024-04-08,0.01540987051799747,-0.11753171463647527,0.017430074382221994,15.19,0.11282051282051286,1,1
2024-04-09,0.011301218724252715,0.5012800695584967,0.021715284903484067,14.98,0.025325119780972072,1,0
2024-04-10,-0.0029373161295437322,-0.26515548834440705,0.012477424527784553,15.8,0.10258199581297989,1,1
2024-04-11,0.02094266493576158,0.18949497780074087,0.020580249416726426,14.91,-0.08807339449541296,1,0
2024-04-12,-0.010538832077349625,-0.066725808351493,0.019600368098624088,17.31,0.07985028072364297,1,0
2024-04-15,-0.018195557902851323,0.07031715292048113,0.03007962523726193,19.23,0.2659644502962475,0,0
2024-04-16,-0.0029706168668176547,-0.23426012934608365,0.01446914766785068,18.4,0.22830440587449918,0,1
2024-04-17,0.006930133263067351,0.04733511393440648,0.016172855287790222,18.21,0.15253164556962018,0,1
2024-04-18,0.003473336041086794,-0.08638934710588109,0.015004575071033921,18.0,0.20724346076458744,1,0
2024-04-19,-0.012306980819927649,0.6403762007745311,0.026657895451348113,18.71,0.08087810514153682,0,1
2024-04-22,0.01421240172140159,-0.18915488293945226,0.02323771185114487,16.94,-0.11908476339053553,1,1
2024-04-23,0.012669526138369358,-0.20020267562069405,0.01721271091897769,15.69,-0.14728260869565213,1,1
2024-04-24,0.005497403521184774,0.07694453374685595,0.015270148140446249,15.97,-0.12300933552992865,1,0
2024-04-25,-0.019669493269872773,1.5071095872971276,0.037250683090506165,15.37,-0.1461111111111112,0,1
2024-04-26,0.10224369028279168,0.13229976693976675,0.029826189209710696,15.03,-0.1966862640299306,1,0
2024-04-29,-0.0337309038597714,-0.29467581531362264,0.026269573037468685,14.67,-0.13400236127508858,1,0
2024-04-30,-0.02028265011857533,-0.2641328655996492,0.033825336983680954,15.65,-0.002549394518801762,0,1
2024-05-01,0.00663471600472576,-0.0020766977823728494,0.024710275736026688,15.39,-0.036318096430807745,0,1
2024-05-02,0.016843424263895956,-0.27464380829541524,0.017328673796248806,14.68,-0.04489264801561477,1,1
2024-05-03,0.003721227363248092,0.426759143015909,0.03011348402459557,13.49,-0.10246174318030599,1,1
2024-05-06,0.005142411713557005,-0.36901945624076804,0.012708550417785514,13.49,-0.08043626448534424,1,1
2024-05-07,0.0187385392437589,0.2820317036481599,0.020013035984336902,13.23,-0.1546325878594249,1,0
2024-05-08,-0.010919453709716365,-0.3020931037065304,0.008355981731773765,13.0,-0.15529564652371675,1,1
2024-05-09,0.0034241157746435213,-0.21576873744832414,0.014924544386583749,12.69,-0.135558583106267,1,0
2024-05-10,-0.007707688551310876,0.9417790143809419,0.02202300745136454,12.55,-0.06968124536693843,0,1
2024-05-13,0.002905546419734284,0.051265272702257336,0.032195114507907796,13.6,0.008154188287620379,0,1
2024-05-14,0.0070946679079730846,-0.19792451384721454,0.014514199667940542,13.42,0.014361300075585781,1,1
2024-05-15,0.012739138454405996,0.07248349391692632,0.012550580368253073,12.45,-0.04230769230769238,1,1
2024-05-16,0.009680648846432938,0.03412076412699827,0.0140714149135861,12.42,-0.02127659574468077,1,1
2024-05-17,0.010793368080728394,-0.12159509686772241,0.014854060652829348,11.99,-0.04462151394422309,1,1
2024-05-20,0.0048847950717814115,-0.07863378446279101,0.015277160457933592,12.15,-0.10661764705882348,1,1
2024-05-21,0.005256526846931564,-0.24673677863299404,0.013309802459389397,11.86,-0.11624441132637853,1,0
2024-05-22,-0.008265390940949024,0.052420921280327715,0.011072353794183476,12.29,-0.012851405622489986,1,0
2024-05-23,-0.016044776769459368,0.17588926174496655,0.030644713184608596,12.77,0.028180354267310692,0,1
2024-05-24,0.008297372534108671,-0.21143976903576234,0.012208525485122301,11.93,-0.005004170141784892,0,1
2024-05-28,0.008057444731773167,0.24082898054211843,0.01663135422653661,12.92,0.06337448559670777,1,0
2024-05-29,-0.002834506916513879,0.13690806039217973,0.012133671602426066,14.28,0.20404721753794264,1,0
2024-05-30,-0.021546241716830505,-0.019547901336970375,0.01996628481646945,14.47,0.17737998372660724,0,1
2024-05-31,0.0022659958066937325,0.6413623182085777,0.02136446568123329,12.92,0.011746280344557603,0,1
2024-06-03,0.0038840267795487993,-0.2704595511558521,0.019689150765854535,13.11,0.09891031014249796,0,1
2024-06-04,0.003580297310003866,-0.021104114847172672,0.011402680323618686,13.16,0.018575851393188847,1,1
2024-06-05,0.009321587749088645,-0.17898703849759667,0.015638482925560915,12.63,-0.11554621848739488,1,1
2024-06-06,0.007525230521771009,0.05358316151981324,0.007965825869043375,12.58,-0.13061506565307535,1,0
2024-06-07,-0.012844392094092272,-0.1543847576448325,0.020481881829741422,12.22,-0.05417956656346745,0,1
2024-06-10,0.0043037952834208415,0.2067655406023987,0.024890039294297672,12.74,-0.02822273073989312,1,1
2024-06-11,0.00919943275864421,-0.09213670674809393,0.01766698503739539,12.85,-0.023556231003039496,1,1
2024-06-12,0.006624366554017325,0.2935897793004838,0.02441657507725359,12.04,-0.046714172604909066,1,0
2024-06-13,-0.014792604957759137,-0.24946975922941927,0.010635867786016773,11.94,-0.05087440381558028,0,1
2024-06-14,0.009305627191930732,-0.13626256975226292,0.016709754602914906,12.66,0.036006546644844484,1,1
2024-06-17,0.002545496938311631,0.08607918687304861,0.020307780454993152,12.75,0.0007849293563579884,1,0
2024-06-18,-0.012130458405397726,0.11475902846802755,0.018897146299792,12.3,-0.04280155642023342,0,1
2024-06-20,0.006910840282344566,-0.07818051294244599,0.013143538035139901,13.28,0.10299003322259148,1,1
2024-06-21,0.018888191737761018,1.8650155505181027,0.02400773160359493,13.2,0.10552763819095468,1,0
2024-06-24,-0.0022825264937789136,-0.6832008864419398,0.012425148281492548,13.33,0.05292259083728279,1,1
2024-06-25,0.02683850681970279,0.26408350639414135,0.027142989448711186,12.84,0.007058823529411784,1,0
2024-06-26,-0.0008149787982928425,-0.14229016610318979,0.011124500366209267,12.55,0.020325203252032464,1,1
2024-06-27,0.00832068235971617,-0.04990674933212358,0.01103140273973291,12.24,-0.07831325301204817,1,0
2024-06-28,-0.017582700638191118,0.5468594984322692,0.017421400593429004,12.44,-0.05757575757575761,0,1
2024-07-01,0.004611676251683017,-0.4510299554817777,0.014230566947746714,12.22,-0.08327081770442601,0,1
2024-07-02,0.01229558274992093,0.08536745365829268,0.02208641671924938,12.03,-0.0630841121495328,1,1
2024-07-03,0.003131169707078385,-0.4104417901856382,0.011358675749405522,12.09,-0.03665338645418337,1,1
2024-07-05,0.025723788944567616,1.0471875884828306,0.02723357091218248,12.48,0.019607843137254832,1,0
2024-07-08,-0.008237145141276825,0.003262191486824939,0.012727656860076264,12.37,-0.00562700964630225,1,0
2024-07-09,-0.0002644198314710744,-0.2811622036613599,0.013988975056019815,12.51,0.023731587561374834,1,1
2024-07-10,0.011641285285468594,0.05496184215747224,0.014389256934180583,12.85,0.06816292601828766,1,0
2024-07-11,-0.029343944233373498,0.6063814449145901,0.031229731586954523,12.92,0.06865177832919778,0,0
2024-07-12,-0.0026944922765110846,-0.10643179920236634,0.01420128483482852,12.46,-0.0016025641025640969,0,1
2024-07-15,0.00788897243764497,-0.28056108723753626,0.017953749497582994,13.12,0.06063055780113169,0,0
2024-07-16,-0.01399252910146409,0.11027679980575456,0.02895783225167392,13.19,0.0543565147881695,0,0
2024-07-17,-0.015767627584002963,0.13358701416566898,0.020289101051185643,14.48,0.12684824902723735,0,0
2024-07-18,-0.018395693236801236,0.22096932107012113,0.034170106746672646,15.93,0.23297213622291024,0,0
2024-07-19,-0.00016884598905275716,-0.2541426861591819,0.017839938554797152,16.52,0.3258426966292134,0,1
2024-07-22,0.022571135468966608,0.27637049237629685,0.013704717745414152,14.91,0.13643292682926833,1,1
2024-07-23,0.0006605033205939748,0.5083920117176965,0.011402486508612641,14.72,0.11599696739954513,1,0
2024-07-24,-0.05038781383483937,0.36400322396960894,0.0254335637929608,18.04,0.2458563535911602,0,0
2024-07-25,-0.03099108808975548,-0.09545590216435551,0.037262968099557536,18.46,0.15881983678593858,0,0
2024-07-26,-0.0016739044118564417,-0.0783710871310086,0.024564176760136558,16.39,-0.007869249394673039,0,1
2024-07-29,0.015149763582453124,-0.5090633308254853,0.01452459731431155,16.6,0.11334674714956416,0,1
2024-07-30,0.004483076576024425,-0.06573928983236255,0.016563721477641957,17.69,0.20176630434782616,1,1
2024-07-31,0.007340307245537803,0.357041514369953,0.024939742545510013,16.36,-0.09312638580931265,1,0
2024-08-01,-0.004547027054300989,-0.0465504040172412,0.030613441612183934,18.59,0.007042253521126751,1,0
2024-08-02,-0.024010276958975618,0.1874617836731698,0.023319344024956612,23.39,0.42708968883465537,0,0
2024-08-05,-0.044461790681724955,0.8410750392205999,0.06131801748600374,38.57,1.3234939759036144,0,0
2024-08-06,-0.006028323173860706,-0.08625843033933922,0.026596787703529357,27.71,0.5664217071791973,0,1
2024-08-07,0.004106371453897806,-0.4870155046669088,0.028459610475769503,27.85,0.7023227383863082,0,1
2024-08-08,0.01944130695018753,0.01751091946249983,0.02172146296550781,23.79,0.2797202797202796,1,1
2024-08-09,0.0101216461498419,0.11820335590410802,0.029737179681501358,20.37,-0.129115006412997,1,0
2024-08-12,-0.00843176249855837,-0.4442649716980802,0.018907548367741445,20.71,-0.4630541871921182,1,1
2024-08-13,0.011522627907713412,0.16711858222241793,0.010799499869012408,18.12,-0.346084446048358,1,0
2024-08-14,-0.02308721788007395,1.1879989434930494,0.03493750727455569,16.19,-0.4186714542190305,0,1
2024-08-15,0.005799141530689722,-0.22336916220550807,0.01271849365036104,15.23,-0.3598150483396385,0,1
2024-08-16,0.01029142400678329,-0.23206542254705098,0.024390197707990557,14.8,-0.27344133529700543,1,1
2024-08-19,0.022766300977561826,-0.07403980403658206,0.014793668670609827,14.65,-0.2926122646064703,1,1
2024-08-20,0.0030598917270496795,-0.18177478787662493,0.01090991479153014,15.88,-0.12362030905077259,1,0
2024-08-21,-0.007955481249931728,0.2486437859498951,0.013238646740821203,16.27,0.00494132180358231,1,0
2024-08-22,-0.012360505823866275,-0.017845603004104427,0.02620781852477383,17.55,0.1523309258043335,0,1
2024-08-23,0.011111068430124327,-0.37956191399216654,0.014344081172323442,15.86,0.07162162162162145,0,1
2024-08-26,0.00326044201797715,0.01681750109274338,0.01878874019059662,16.15,0.10238907849829348,1,0
2024-08-27,-0.008907036872227048,-0.16690861427443904,0.012039375208003689,15.43,-0.02833753148614615,0,0
2024-08-28,-0.011112267694159739,0.38788181256819976,0.02519660344812924,17.11,0.0516287645974185,0,0
2024-08-29,-0.006570640296528318,0.2006655533478796,0.03569423538660299,15.65,-0.10826210826210825,0,1
2024-08-30,0.009890082161862379,0.1230469344866445,0.012183815888165528,15.0,-0.05422446406052961,0,0
2024-09-03,-0.03684670886163932,0.7603350238205009,0.03431755190821173,20.72,0.2829721362229103,0,0
2024-09-04,-0.005782895980917968,-0.5030517161249239,0.0194921335936471,21.32,0.38172391445236564,0,1
2024-09-05,0.005049456759397719,-0.03436534427347604,0.02224645028689709,19.9,0.163062536528346,0,0
2024-09-06,-0.040193288352698975,1.0286108718102382,0.04835601880920648,22.38,0.430031948881789,0,0
2024-09-09,-0.013335988010026667,0.03556648141358565,0.04197794202240601,19.45,0.29666666666666663,0,0
2024-09-10,-0.00033628538932217733,-0.20737637065243697,0.01975197523866945,19.08,-0.07915057915057921,0,1
2024-09-11,0.016817039105425424,-0.048559070401172244,0.0269793628814452,17.69,-0.17026266416510316,0,1
2024-09-12,0.02335270249896415,0.00046609496853866617,0.014215614245002284,17.07,-0.14221105527638178,1,1
2024-09-13,0.01790671451513215,-0.0010229056597403918,0.020423929075586544,16.56,-0.2600536193029491,1,1
2024-09-16,0.0038104962142264664,-0.37887615236962335,0.010536359081580793,17.14,-0.11876606683804625,1,1
2024-09-17,0.007971675742952655,0.12708516958835236,0.013701212918581174,17.61,-0.07704402515723263,1,1
2024-09-18,0.003075509131388765,0.14296954951823748,0.011979784510501634,18.23,0.030525720746184204,1,1
2024-09-19,0.014579964579595428,0.12291942071097628,0.01518530435014509,16.33,-0.04335090802577635,1,1
2024-09-20,0.008942796407303888,0.5381699056330558,0.010304814229936676,16.15,-0.024758454106280192,1,0
2024-09-23,-0.010636256715172876,-0.4094614684911141,0.02362842436743784,15.89,-0.07292882147024504,1,1
2024-09-24,0.0027184496541854397,-0.03390349842034868,0.015744593570588883,15.39,-0.1260647359454855,1,0
2024-09-25,-0.004929390387641508,-0.191277253226242,0.009361404081011715,15.41,-0.15469007131102575,0,1
2024-09-26,0.007678414446849358,0.07685010493290645,0.011091958745981234,15.37,-0.05878750765462337,1,1
2024-09-27,0.0074971877540532805,0.038485577751202094,0.01887715657170319,16.96,0.05015479876161,1,1
2024-09-30,0.011588834425244388,-0.0325761919881713,0.017701822166406034,16.73,0.052863436123347984,1,1
2024-10-01,0.0068736801065811814,0.3881766835342586,0.027828422530680186,19.26,0.2514619883040936,1,0
2024-10-02,-0.006766823858648019,-0.3732748490548061,0.016936857993589127,18.9,0.22647631408176494,1,0
2024-10-03,0.0,-0.151298971858425,0.016593467856800048,20.49,0.3331164606376056,1,1
2024-10-04,0.007235025885976132,0.26366838938240966,0.016618322884947467,19.21,0.1326650943396226,1,0
2024-10-07,-0.024422464770474828,0.179326312252591,0.035207347020209445,22.64,0.35325762104004776,0,1
2024-10-08,0.008590147223664024,0.02713783938993286,0.011420155130558385,21.42,0.11214953271028039,0,0
2024-10-09,-0.015330368003980022,0.35145865026633216,0.03192682277042236,20.86,0.10370370370370385,0,1
2024-10-10,0.0013591409138626886,-0.5463988608739714,0.01664596963424758,20.93,0.021473889702293913,0,1
2024-10-11,0.0071569619298001985,0.08485516929320358,0.016497074626018238,20.46,0.06507027589796976,1,1
2024-10-14,0.010536727341008634,0.23929407011072512,0.017319473297211285,19.7,-0.1298586572438163,1,1
2024-10-15,0.0030309328329192198,0.06473987831363948,0.01852631781879488,20.64,-0.036414565826330625,1,0
2024-10-16,-0.001813082948683875,-0.1897151211031649,0.01258090563994596,19.58,-0.061361457334611735,1,0
2024-10-17,-0.013502187464795812,0.3076557357064489,0.022179901279119063,19.11,-0.08695652173913049,0,1
2024-10-18,0.003007554301391435,-0.07904108439687885,0.009995124261165556,18.03,-0.1187683284457478,0,1
2024-10-21,0.003977540755912834,0.06016894679036522,0.011560724014643586,18.37,-0.06751269035532992,0,1
2024-10-22,0.006521547026972385,-0.2090277612011553,0.017118717744882384,18.2,-0.11821705426356599,1,0
2024-10-23,-0.014290915432130236,0.1033552429065494,0.024022817417315157,19.24,-0.01736465781409602,0,0
2024-10-24,-0.0003686055065237337,0.22603320478105093,0.014409088897399114,19.08,-0.0015698587127158659,0,1
2024-10-25,0.015671086791653854,-0.11527495817066369,0.013278657405821015,20.33,0.12756516916250682,1,1
2024-10-28,0.008773432271419246,0.6207959090015078,0.029277237823146507,19.8,0.07784431137724557,1,1
2024-10-29,0.017754335556620315,0.3120982245648536,0.01969003900310584,19.34,0.06263736263736264,1,1
2024-10-30,0.02817070733100291,0.6336835115843391,0.04573139621691413,20.35,0.05769230769230793,1,0
2024-10-31,-0.019202140696692793,-0.3501454475779059,0.03403513055098695,23.16,0.21383647798742156,1,1
2024-11-01,0.001052072670938875,-0.28976523933972165,0.0203695069987313,21.88,0.07624200688637495,1,0
2024-11-04,-0.011968013955152235,-0.32405453430409004,0.016189520323997453,21.98,0.11010101010101003,0,1
2024-11-05,0.0029543726735017373,-0.15124204962615218,0.010009491104371548,20.49,0.05946225439503605,0,1
2024-11-06,0.03988446660157852,0.84712834596894,0.019827103408681435,16.27,-0.20049140049140057,1,1
2024-11-07,0.0240214243869199,-0.2475879568488374,0.021953831119421174,15.2,-0.34369602763385154,1,0
2024-11-08,-0.013278108008031086,-0.13200462274532698,0.015835534795788142,14.94,-0.3171846435100548,1,1
2024-11-11,0.011213947618575304,-0.2070234752024429,0.011654630004078292,14.97,-0.31892629663330296,1,1
2024-11-12,0.007041753816839691,0.4403623985696603,0.01728081896461897,14.71,-0.2820888238164958,1,0
2024-11-13,-0.015086342749819015,-0.07761717770908183,0.013554461290115505,14.02,-0.13829133374308544,0,0
2024-11-14,-0.0184481007244246,0.33745255348516223,0.02581459276576581,14.31,-0.0585526315789473,0,0
2024-11-15,-0.017598805337400325,0.0482818672901717,0.017054071651251945,16.14,0.08032128514056236,0,1
2024-11-18,0.01629074574541134,-0.3805399851097998,0.0146906225250798,15.58,0.040748162992651826,0,1
2024-11-19,0.016086701726933716,0.1638714099119456,0.030594593416038096,16.35,0.11148878314072053,1,0
2024-11-20,-0.012014435701748538,-0.18936714046144854,0.022442133294277467,17.16,0.22396576319543504,1,0
2024-11-21,-0.047448496553895936,2.1443957235578064,0.06371416083696091,16.87,0.1788958770090845,0,0
2024-11-22,-0.017121086823255416,-0.3537291744790272,0.015619358832921204,15.24,-0.055762081784386686,0,1
2024-11-25,0.0175407165305681,-0.1416748263160349,0.0182356395225578,14.6,-0.06290115532734275,0,1
2024-11-26,0.008768181722609292,-0.38172583317489206,0.013366782842157532,14.1,-0.13761467889908263,1,1
2024-11-27,0.0006504884916642695,-0.05956059297007321,0.008689390655594709,14.1,-0.17832167832167833,1,0
2024-11-29,-0.0016545066900248706,-0.2600005190356318,0.013579737759879196,13.51,-0.19917012448132787,1,1
2024-12-02,0.015034072519980457,0.6685674606514602,0.02082217686616694,13.34,-0.12467191601049876,1,0
2024-12-03,-0.0008747545896911069,-0.06475234456116452,0.010711071155343532,13.3,-0.08904109589041087,1,1
2024-12-04,0.017684117801330945,0.4209863947107022,0.02250675878910191,13.45,-0.046099290780141855,1,0
2024-12-05,-0.009921389344326403,-0.32449367549050934,0.02164449421404746,13.54,-0.039716312056737646,1,1
2024-12-06,0.01199027845012357,0.004972794785589096,0.018736187648478175,12.77,-0.05477424130273878,1,1
2024-12-09,0.004928100938960345,0.18298046816758617,0.01503023727088304,14.19,0.06371814092953532,1,1
2024-12-10,0.05588178322740789,1.1588760752434069,0.029328900685385406,14.18,0.06616541353383454,1,1
2024-12-11,0.05524656109781634,0.23864959042562894,0.05820932730080819,13.58,0.009665427509293778,1,0
2024-12-12,-0.017604894218724465,-0.4871792983484574,0.018100181734869603,13.92,0.028064992614475592,1,0
2024-12-13,-0.011148132168897873,-0.2778487829396137,0.016294011536784003,13.81,0.08144087705559921,1,1
2024-12-16,0.036034091047475014,0.7871378288623303,0.033122235720808746,14.69,0.03523608174770976,1,0
2024-12-17,-0.0063053325017662365,-0.031843845207177535,0.03302904186337852,15.87,0.11918194640338498,1,0
2024-12-18,-0.035922652646088515,-0.21464463037881576,0.04932350184240897,27.62,1.0338733431516935,0,1
2024-12-19,0.0005839020338169743,-0.05563702032131268,0.024684116020577962,24.09,0.7306034482758621,0,1
2024-12-20,0.015383815797327394,0.9669148184421605,0.04141020472084955,18.36,0.3294713975380159,0,1
2024-12-23,0.01682259389824381,-0.5954329222270018,0.026032144969333926,16.78,0.14227365554799198,1,1
2024-12-24,0.007604085726220955,-0.5948081791626095,0.012023954204419152,14.27,-0.10081915563957156,1,0
2024-12-26,-0.0026005230084695796,0.15795949362221595,0.012192586982474385,14.73,-0.4666908037653874,1,0
2024-12-27,-0.014519550705452633,0.5681935151827071,0.024495219392820955,15.95,-0.3378995433789954,0,0
2024-12-30,-0.007885294298205281,-0.24491038250209085,0.01813667524919782,17.4,-0.05228758169934644,0,0
2024-12-31,-0.010144425664993517,0.22448421628215098,0.01830148165913892,17.35,0.03396901072705605,0,1
2025-01-02,0.0006868219624525107,0.16625159587562766,0.0239999999999998,17.93,0.25648213034337775,0,1
2025-01-03,0.012458317315388934,-0.08711488994050309,0.017001847873291176,16.13,0.09504412763068548,1,1
2025-01-06,0.026487304267201583,0.5897656510469882,0.022543177609465337,16.04,0.005642633228840177,1,0
2025-01-07,-0.0070095632669772145,-0.1040603985982762,0.03288794293808994,17.82,0.024137931034482918,1,0
2025-01-08,-0.007877759758985192,-0.061252227491014555,0.020324297245454703,17.7,0.020172910662824117,1,0
2025-01-10,-0.009847899687767447,0.07240758019368743,0.03263100621897297,19.54,0.08979364194088113,0,0
2025-01-13,-0.00536340834149418,-0.18156623614298784,0.020388514373321565,19.19,0.1897086174829512,0,0
2025-01-14,-0.007067684948882991,-0.21301612467180175,0.019489130776518593,18.71,0.16645885286783058,0,1
2025-01-15,0.031055598814674124,0.2678967563129917,0.02345460223957274,16.12,-0.09539842873176207,1,0
2025-01-16,-0.013500397685283771,-0.18187913299044822,0.013847820148091161,16.6,-0.0621468926553671,1,1
2025-01-17,0.01601781760806098,0.5568047868697867,0.017961268271169395,15.97,-0.1827021494370521,1,1
2025-01-21,0.01045916623936849,0.08062707543870395,0.022337889917708686,15.06,-0.21521625846795212,1,1
2025-01-22,0.0016157249153934128,-0.12581035857637135,0.014934424980877381,15.1,-0.19294494922501337,1,0
2025-01-23,-0.0019659472470179296,0.02865583230918367,0.02612708085680926,15.02,-0.06823821339950376,1,1
2025-01-24,0.011263735095384586,-0.11405344434797449,0.014646433820628246,14.85,-0.10542168674698804,1,0
2025-01-27,-0.041955984424610904,0.7476243325306251,0.032244582881755024,17.9,0.12085159674389456,0,1
2025-01-28,0.018195137901727332,-0.42107508225714074,0.025173081792170038,16.41,0.08964143426294813,0,1
2025-01-29,0.0005631941897485948,-0.24586574164145059,0.0173706288454627,16.56,0.09668874172185427,0,1
2025-01-30,0.027941270248889705,0.3368261583133443,0.018869812121671048,15.84,0.05459387483355527,1,1
2025-01-31,0.015681817800762277,0.3139599338115435,0.01823584053582694,16.43,0.10639730639730649,1,0
2025-02-03,-0.013675184431005238,-0.13008302839589891,0.018240848501504425,18.62,0.04022346368715102,1,1
2025-02-04,0.025592634253417623,0.5753979230053559,0.02090629428630142,17.21,0.04875076173065218,1,0
2025-02-05,-0.07292375669887508,0.6046437920121122,0.025102383935253325,15.77,-0.047705314009661826,0,1
2025-02-06,0.0014111568846084666,-0.5836894075786621,0.017910157169084062,15.5,-0.02146464646464641,0,0
2025-02-07,-0.03267221923357766,0.6832551694006976,0.04333107915625667,16.54,0.0066950699939134495,0,1
2025-02-10,0.006096900702909025,-0.5314691270404542,0.012590101851965185,15.81,-0.15091299677765846,0,0
2025-02-11,-0.006167171806482741,-0.08076397063915242,0.014434576078411698,16.02,-0.0691458454386985,0,0
2025-02-12,-0.00922733282310384,0.039224087196026325,0.01803882058112971,15.89,0.007609384908053407,0,1
2025-02-13,0.013779183225693048,-0.030358906517582884,0.017145350006078086,15.1,-0.02580645161290329,1,0
2025-02-14,-0.004888796814337515,-0.044578904333605895,0.011284648923689078,14.77,-0.10701330108827078,0,0
2025-02-18,-0.007882040879238716,0.4630337825942372,0.023219990608297048,15.35,-0.029095509171410572,0,1
2025-02-19,0.008162414258621853,-0.34653888965026225,0.010185796684340387,15.27,-0.04681647940074907,1,0
2025-02-20,-0.0038322980427268893,0.045633114059766555,0.014174673383250624,15.66,-0.014474512271869133,0,0
2025-02-21,-0.02654964296257334,0.7219479979453562,0.03495641301557306,18.21,0.20596026490066244,0,0
2025-02-24,-0.0022820506178629074,-0.15185004204641017,0.023645792062000792,18.98,0.2850372376438728,0,0
2025-02-25,-0.021366787045417612,0.4039364645510515,0.02318394295698889,19.43,0.2657980456026059,0,0
2025-02-26,-0.01533480286661093,-0.15465459733641274,0.02622683268432935,19.1,0.2508185985592666,0,0
2025-02-27,-0.024488963548255582,0.12869129837177873,0.039418810414137084,21.13,0.3492975734355044,0,1
2025-02-28,0.010563798392122292,0.2035357955539996,0.023025701502153995,19.63,0.07797913234486531,0,0
2025-03-03,-0.019203725976125963,-0.1529193486056687,0.044838201469360905,22.78,0.20021074815595363,0,1
2025-03-04,0.023411859592639583,0.11325590807078645,0.04517484979802355,23.51,0.2099845599588266,1,1
2025-03-05,0.012286595635849329,-0.3179937428395171,0.027919089606441405,21.93,0.14816753926701565,1,0
2025-03-06,-0.0038724343142964024,-0.08570210209046059,0.02527857805626832,24.87,0.17699952673923347,1,1
2025-03-07,0.008761082588276459,-0.032372270510917955,0.02760319980212933,23.37,0.19052470708099856,1,0
2025-03-10,-0.04485772816948608,0.5922120222889236,0.029140474074880407,27.86,0.22300263388937647,0,0
2025-03-11,-0.011032752836799942,-0.0921154022566737,0.033339561539340146,26.92,0.14504466184602305,0,1
2025-03-12,0.01871507189969801,-0.2832972107286662,0.02513300703865662,24.23,0.10487916096671235,0,0
2025-03-13,-0.026030897530860297,0.1192637915720911,0.02479800294445411,24.66,-0.008443908323281124,0,1
2025-03-14,0.016773233099913964,0.0075481323332136085,0.024869243587668732,21.77,-0.06846384253316218,1,0
2025-03-17,-0.007251200918361067,-0.025365749986717034,0.01606894917966395,20.51,-0.2638190954773869,0,0
2025-03-18,-0.022034140767539512,0.3492302216179295,0.048047465037296844,21.7,-0.1939078751857356,0,1
2025-03-19,0.02004103719805017,-0.18536511165828473,0.03024841687694102,19.9,-0.1787040858439951,1,0
2025-03-20,-0.006650791995090222,-0.17905157021321294,0.024415957454372306,19.8,-0.1970802919708029,0,1
2025-03-21,0.0073095880673679225,0.30162588624127085,0.020821717423234576,19.28,-0.11437758383095997,1,1
2025-03-24,0.02250131519296361,-0.15690305740761978,0.019256436637540952,17.48,-0.14773281326182353,1,1
2025-03-25,0.017175663536167063,-0.21712744218581503,0.013723844213862302,17.15,-0.20967741935483875,1,0
2025-03-26,-0.032246762669453255,0.1955457012376729,0.028937177738607378,18.33,-0.07889447236180902,0,0
2025-03-27,-0.01708468593388679,-0.15200888532122792,0.02111109980830439,18.69,-0.05606060606060603,0,0
2025-03-28,-0.04875499695340768,0.9858292904852641,0.053309914607198694,21.65,0.12292531120331929,0,1
2025-03-31,0.002008736030050473,0.12192901890925079,0.032390744095347035,22.28,0.2745995423340961,0,1
2025-04-01,0.015714035969666584,-0.4382612836173505,0.02916294186125068,21.77,0.26938775510204094,0,0
2025-04-02,-0.00019119738530759545,-0.18358877054337863,0.02398194432484968,21.51,0.17348608837970558,0,0
2025-04-03,-0.04024452239856835,0.8722131484683548,0.015892010102720455,30.02,0.6062065275548421,0,0
2025-04-04,-0.03397016443224221,0.32796469539325224,0.03913882411816427,45.31,1.0928406466512706,0,1
2025-04-07,0.00789835063854305,0.23345192299970297,0.08766816645012154,46.98,1.108617594254937,0,0
2025-04-08,-0.013969392726792318,-0.3202576760454253,0.06439213306628577,52.33,1.4037666513550757,0,1
2025-04-09,0.09682114657847318,0.3487726100666282,0.10867902850152134,33.62,0.5629939562993953,1,0
2025-04-10,-0.03711182577731187,-0.3179293869005855,0.051957639735016325,40.72,0.3564290473017988,1,1
2025-04-11,0.028268500323638923,-0.29956686518678943,0.03173662225023288,37.56,-0.17104391966453325,1,1
2025-04-14,0.012282075841008266,-0.0982037209910751,0.02640266391577195,30.89,-0.3424861643252447,1,0
2025-04-15,-0.017350831527587207,-0.0916988098770316,0.028606320408209207,30.12,-0.4244219377030384,0,0
2025-04-16,-0.019064597629344093,0.023080413044661796,0.028909016181205782,32.64,-0.029149315883402638,0,0
2025-04-17,-0.014152556410525152,0.17238908164640931,0.04161611229482309,29.65,-0.27185658153241654,0,0
2025-04-21,-0.023088123515391357,-0.21174644290184164,0.019507123378949665,33.82,-0.09957401490947826,0,1
2025-04-22,0.02573311428110503,0.03542156926726836,0.024572568468092193,30.57,-0.010359339592101002,0,1
2025-04-23,0.025615604314045415,0.15412393685256442,0.024185691955985966,28.45,-0.05544488711819395,1,1
2025-04-24,0.0252976956522295,0.47432602605946905,0.024391830127231007,26.47,-0.1890318627450981,1,1
2025-04-25,0.016825681534806458,0.2209439142371552,0.03142084592857808,24.84,-0.16222596964586844,1,0
2025-04-28,-0.008335423766626215,-0.46914730342292177,0.02868844651871627,25.15,-0.25635718509757544,1,0
2025-04-29,-0.0028017020806646586,-0.09872990472604537,0.020441855849200774,24.17,-0.20935557736342814,1,0
2025-04-30,-0.008491542112051276,0.3048267372897162,0.024903542651066424,24.7,-0.13181019332161692,0,1
2025-05-01,0.01574310476064844,-0.13658518457109692,0.019130282651032893,24.6,-0.07064601435587448,1,1
2025-05-02,0.01692495815377404,-0.14860014832865387,0.01915120897650824,22.68,-0.08695652173913049,1,1
2025-05-05,0.0010972960708206525,-0.17006416488430875,0.01640854319638252,23.64,-0.06003976143141143,1,0
2025-05-06,-0.005967939991706861,-0.003026923689660621,0.022395933715950056,24.76,0.024410426148117503,1,0
2025-05-07,-0.07259690646118644,4.991864531047319,0.11607145621736836,23.55,-0.046558704453441235,0,1
2025-05-08,0.019156989047463657,-0.548994784693086,0.01981686658109516,22.48,-0.08617886178861789,0,0
2025-05-09,-0.009916900933273798,-0.43589507241033276,0.01872540184402771,21.9,-0.03439153439153442,0,1
2025-05-12,0.03738132891593304,0.3608260136332946,0.018240039062499935,18.39,-0.22208121827411165,1,1
2025-05-13,0.006752478285749097,-0.03979945082331193,0.028240289182187128,18.22,-0.2641357027463652,1,1
2025-05-14,0.03660744872081678,0.15038896137756264,0.04630035311940928,18.62,-0.2093418259023354,1,0
2025-05-15,-0.008526283757674946,-0.3201499715931816,0.023649761114473256,17.83,-0.20685053380782925,1,1
2025-05-16,0.01360086545366368,0.29264451664871616,0.022521501607875916,17.24,-0.21278538812785386,1,1
2025-05-19,0.0021059870241977308,-0.28988794988668953,0.014736318054784148,18.14,-0.01359434475258292,1,0
2025-05-20,-0.015371723099278034,0.531832867176536,0.03437695711071753,18.09,-0.007135016465422583,0,1
2025-05-21,0.0279303249242564,0.575190365540458,0.05857179001010171,20.87,0.12083780880773354,1,1
2025-05-22,0.013704228372539706,0.01972866949983665,0.035498783435414794,20.28,0.13740886146943376,1,0
2025-05-23,-0.014045691653778114,-0.5296642997205614,0.012329545129216246,22.29,0.29292343387471,1,1
2025-05-27,0.02629545367495023,0.0790738226824268,0.01864704805261952,18.96,0.04520396912899671,1,0
2025-05-28,-0.0031231870215505664,-0.08452798606158063,0.019545113947851966,19.31,0.06744057490326139,1,0
2025-05-29,-0.002900893316164055,-0.1571613385464582,0.02221176333397956,19.18,-0.08097747963584101,1,0
2025-05-30,-0.0006982612689385714,0.7955234622560741,0.028487841632289568,18.57,-0.08431952662721898,1,0
2025-06-02,-0.01577964043620894,-0.2664822691532469,0.014815674392627098,18.36,-0.17631224764468367,0,0
2025-06-03,-0.01686099732148727,0.16763052188033356,0.019361065899542007,17.69,-0.06698312236286919,0,1
2025-06-04,0.011252973555199386,-0.40333016153967294,0.01118057588078547,17.61,-0.08803728638011388,0,1
2025-06-05,0.0009521227998197102,0.35234268125854995,0.019929568654901253,18.48,-0.03649635036496346,0,1
2025-06-06,0.032518826399511314,-0.01779318344873837,0.02148333506765865,16.77,-0.0969305331179322,1,1
2025-06-09,0.01510348623055191,-0.19019192987758804,0.012043391422384753,17.16,-0.065359477124183,1,1
2025-06-10,0.014254129386131131,1.134583683244689,0.035446783022309525,16.95,-0.04183154324477112,1,0
2025-06-11,-0.006998897152289407,-0.48763480290968675,0.02048087760785,17.26,-0.01987507098239627,1,0
2025-06-12,-0.009303656153099471,-0.3382616883855556,0.011273254481849015,18.02,-0.024891774891774965,0,0
2025-06-13,-0.005862285914259191,0.32094509094208257,0.027495826381728428,20.82,0.24150268336314862,0,1
2025-06-16,0.012022704666561301,-0.009901276429612027,0.013111987546241544,19.11,0.11363636363636354,1,0
2025-06-17,-0.004638839332885669,-0.08821725351598442,0.015923924562603275,21.6,0.2743362831858409,0,0
2025-06-18,-0.01494737107073274,0.14954150482521134,0.019399541972022316,20.14,0.16685979142526075,0,0
2025-06-20,-0.03854148767904275,1.6355447182791951,0.05366849548954611,20.62,0.14428412874583807,0,0
2025-06-23,-0.008701366307523717,-0.23776002876028124,0.03296294035734948,19.83,-0.04755043227665712,0,1
2025-06-24,0.009564803520047294,-0.29731927658615254,0.012580486826355708,17.48,-0.08529565672422812,0,1
2025-06-25,0.023445390718201953,-0.12450060827700915,0.02870783330936666,16.76,-0.2240740740740741,1,1
2025-06-26,0.01675646127947905,-0.10378815637419314,0.022066611428306793,16.59,-0.17626613704071503,1,1
2025-06-27,0.028754230634041145,2.40098815285863,0.040470489263091824,16.32,-0.20853540252182345,1,0
2025-06-30,-0.012882979672595218,-0.4139191530994024,0.038091384045921384,16.73,-0.15632879475542094,1,0
2025-07-01,-0.002213086319032609,-0.4334944279563072,0.014752478399136404,16.83,-0.037185354691075645,1,1
2025-07-02,0.015923582922107826,-0.1887117213719729,0.021648444208458795,16.64,-0.007159904534606243,1,1
2025-07-03,0.004982093956777733,-0.25538897795659976,0.014798051804729928,16.38,-0.012658227848101333,1,0
2025-07-07,-0.015262058445122517,0.5756603364730726,0.020605706551100056,17.79,0.09007352941176472,0,0
2025-07-08,-0.013745106583103461,0.1833735179484779,0.029743645982667433,16.81,0.00478182904961133,0,1
2025-07-09,0.012961687697069735,0.06387092786054271,0.03860622795625224,15.94,-0.05288175876411161,0,1
2025-07-10,0.005661835122193759,-0.3201163958201628,0.02322506984496564,15.78,-0.0516826923076924,1,1
2025-07-11,0.01446917662459013,0.17196879572274404,0.028048487466445282,16.4,0.0012210012210012167,1,1
2025-07-14,0.007602992953269938,-0.0509379311551823,0.02220617573356498,17.2,-0.03316469926925236,1,1
2025-07-15,0.002423519418564002,0.02802075201465426,0.014427285402700107,17.38,0.03390838786436645,1,1
2025-07-16,0.00532966056423767,-0.010287518349213598,0.012635296748787272,17.16,0.0765370138017567,1,1
2025-07-17,0.0033338600266250573,-0.03357882081427732,0.01983600352284598,16.52,0.04689480354879594,1,1
2025-07-18,0.00806182982389525,0.06319898976638338,0.014751463480696447,16.41,0.0006097560975610872,1,1
2025-07-21,0.027234470780260978,0.34657572505843093,0.02224012637868067,16.65,-0.03197674418604657,1,1
2025-07-22,0.006522880816912213,-0.024952459549681172,0.02235136579832009,16.5,-0.050632911392405,1,0
2025-07-23,-0.005801195087693611,0.31396411122207235,0.017708035908727826,15.37,-0.10431235431235442,1,1
2025-07-24,0.0101981627314498,0.2760612727263432,0.036387418577184194,15.39,-0.06840193704600483,1,1
2025-07-25,0.005255746356593649,-0.4686832697441431,0.01605148704586523,14.93,-0.0901889092017063,1,0
2025-07-28,-0.00310587511308269,-0.04138149444903849,0.016820408590784597,15.03,-0.0972972972972973,1,1
2025-07-29,0.016460653729744257,0.08520562671246346,0.019991650881324485,15.98,-0.031515151515151496,1,1
2025-07-30,0.003984721165483096,-0.21609018777845423,0.014946857186388884,15.48,0.0071567989590111125,1,0
2025-07-31,-0.02355877991784605,0.5820177898870103,0.025642415873037727,16.72,0.08641975308641969,0,0
2025-08-01,-0.014434561707329485,-0.3213960085097761,0.016025952451593772,20.38,0.3650368385800402,0,1
2025-08-04,0.031248294135184373,-0.09430354671826646,0.02708820370050513,17.52,0.16566866267465064,1,0
2025-08-05,-0.001896995776040522,0.0017402384982596608,0.020475533721184158,17.85,0.1170212765957448,1,1
2025-08-06,0.007294320092593232,-0.31767940941007455,0.01528376486731342,16.77,0.08333333333333326,1,1
2025-08-07,0.002192925408914803,0.22069851457828027,0.016518249497413207,16.57,-0.00897129186602863,1,1
2025-08-08,0.024933814520254227,0.4878085845192959,0.027590416858172206,15.15,-0.25662414131501465,1,0
2025-08-11,-0.0020851554748789747,-0.3403673988427498,0.01210623556865209,16.25,-0.07248858447488582,1,1
2025-08-12,0.011641775508102858,0.17673541753766586,0.01949251574601485,14.73,-0.1747899159663866,1,0
2025-08-13,-0.006786597929936633,-0.0676033541790716,0.035542526797133656,14.49,-0.13595706618962433,1,1
2025-08-14,0.004852378555552539,-0.10981586217359551,0.015951929543413845,14.83,-0.1050090525045263,1,1
2025-08-15,0.004730436677749195,0.38449648043629914,0.025635948397273678,15.09,-0.003960396039603964,1,0
2025-08-18,-0.0019616729992227855,-0.46962904435550823,0.013729066639739607,14.99,-0.07753846153846156,1,0
2025-08-19,-0.009483995050079685,0.30839981432103025,0.017403458745221645,15.57,0.05702647657841142,0,0
2025-08-20,-0.011162432582165205,0.19452397257448362,0.023804641558948347,15.69,0.0828157349896479,0,1
2025-08-21,0.0021573120696150028,-0.3170692959886723,0.01529360258622825,16.6,0.11935266351989227,0,1
2025-08-22,0.031739678470673605,1.1657580937161813,0.035966170514728946,14.22,-0.05765407554671964,1,1
2025-08-25,0.011645408839101368,-0.30116748779975244,0.02552613758926281,14.79,-0.01334222815210151,1,0
2025-08-26,-0.006475164325745242,-0.04894266077269793,0.010452159393149696,14.62,-0.061014771997430994,1,1
2025-08-27,0.0016413777604888935,-0.19116009288893732,0.015852223984339053,14.85,-0.053537284894837445,1,1
2025-08-28,0.020050189698274323,0.40465797097672307,0.025712940943248164,14.43,-0.13072289156626515,1,1
2025-08-29,0.00600073100443832,0.22848670193850817,0.021170299775684187,15.36,0.08016877637130793,1,0
2025-09-02,-0.007326982143995853,0.19619717884435306,0.026576119343564297,17.17,0.1609195402298853,1,1
2025-09-03,0.09136500745700982,1.1744439534541171,0.02900486884290121,16.35,0.11833105335157335,1,1
2025-09-04,0.0071100321220396445,-0.49984371386185467,0.027685615363928884,15.3,0.030303030303030276,1,1
2025-09-05,0.011622895873477201,-0.09858525429434917,0.01664510871903957,15.18,0.05197505197505192,1,0
2025-09-08,-0.003194408754602418,-0.3029519907102336,0.019086775147927115,15.11,-0.01627604166666663,1,1
2025-09-09,0.02388485625123682,0.1720200648504837,0.03104234286237295,15.04,-0.12405358182877124,1,0
2025-09-10,-0.0019196540687471675,-0.07671632379601168,0.01601848837849351,15.35,-0.061162079510703515,1,1
2025-09-11,0.005017338953168027,-0.12924467361579461,0.025396825396825307,14.71,-0.03856209150326795,1,1
2025-09-12,0.001788941811812439,-0.12509109685515685,0.01714286483636429,14.76,-0.02766798418972327,1,1
2025-09-15,0.04489201587040781,1.1808110086808408,0.03167661196761529,15.69,0.03838517538054265,1,0
2025-09-16,-0.0017884700415349286,-0.4157677300895112,0.014310306040650422,16.36,0.0877659574468086,1,0
2025-09-17,-0.006489906271085144,-4.983919530221481e-05,0.021601459113966603,15.72,0.024104234527687396,1,1
2025-09-18,0.010018835459584041,-0.08410050428052074,0.016773428303514137,15.7,0.06730115567641048,1,1
2025-09-19,0.010673342278439968,0.7788825045215193,0.01663953966097509,15.45,0.04674796747967469,1,0
2025-09-22,-0.008597685422860546,-0.4189367192476706,0.021893710190670213,16.1,0.026131293817718504,1,0
2025-09-23,-0.0034451159125369335,-0.17536117433920195,0.015490278461330664,16.64,0.017114914425427896,0,0
2025-09-24,-0.01796075739762648,0.059073156076310696,0.023981511132773692,16.18,0.029262086513994756,0,0
2025-09-25,-0.005462515605930585,0.09997517818517077,0.023884688330969128,16.74,0.0662420382165605,0,1
2025-09-26,0.0030513854122893314,-0.40351510618818587,0.014026088267351744,15.29,-0.01035598705501617,0,0
2025-09-29,-0.010099741632933035,0.756766397163734,0.034518224972384104,16.12,0.001242236024844745,0,0
2025-09-30,-0.0038926323964876275,0.068249358576008,0.016886074341202928,16.28,-0.021634615384615308,0,1
2025-10-01,0.007404309945604481,-0.08829839622396995,0.032228332516389235,16.29,0.0067985166872681635,1,1
2025-10-02,0.0032258414234824784,-0.19504899204629444,0.01861326640541794,16.63,-0.006571087216248439,1,0
2025-10-03,-0.0013838427877085335,0.1870362158747101,0.01920052685315743,16.65,0.08894702419882283,1,1
2025-10-06,0.020705059897664357,-0.04479067491801547,0.027557467669902858,16.37,0.015508684863523525,1,0
2025-10-07,-0.01864791880176797,-0.19773176395671177,0.02003909287768435,17.24,0.05896805896805879,0,0
2025-10-08,-0.004638669495155456,-0.08084965036473368,0.0089819830892921,16.3,0.0006138735420504471,0,0
2025-10-09,-0.012631822416684813,0.3090519122733737,0.023458083853348688,16.43,-0.0120264582080577,0,0
2025-10-10,-0.02053571597791637,0.18959490321632289,0.03498134382677032,21.66,0.30090090090090094,0,1
2025-10-13,0.03204119853569298,-0.2466915609563506,0.019982450260620288,19.03,0.16249236408063528,1,1
2025-10-14,0.005324608168161493,-0.11535907181436289,0.027483267894564234,20.81,0.20707656612529002,1,1
2025-10-15,0.02273376207143052,0.22142676242334347,0.024879039719187146,20.64,0.26625766871165646,1,1
2025-10-16,0.001712974292560121,0.036637699618997654,0.027428969148937776,25.31,0.5404747413268411,1,1
2025-10-17,0.007317252401032315,0.05980598059805975,0.025866606372867418,20.78,-0.04062788550323171,1,1
2025-10-20,0.012830575215377449,-0.2467477318378517,0.012193647078721837,18.23,-0.04203888596952188,1,0
2025-10-21,-0.023737990133977593,1.1168535404604882,0.04394843847867347,17.87,-0.14127823161941366,0,1
2025-10-22,0.004910946636459412,-0.2596101208781686,0.028360512879932687,18.6,-0.09883720930232553,0,1
2025-10-23,0.005522664294033808,-0.43186580415308284,0.012666218405037677,17.3,-0.3164757013038324,1,1
2025-10-24,0.027027072653673212,0.4398534776447889,0.024909858879512914,16.37,-0.21222329162656395,1,1
2025-10-27,0.03597251116846789,0.22963102554170112,0.022173512548085084,15.79,-0.13384530992868904,1,0
2025-10-28,-0.006684695162509802,-0.15599741167922987,0.015872461487159928,16.42,-0.08114157806379407,1,1
2025-10-29,0.026545055786114213,0.46544558250892787,0.028654621456979168,16.92,-0.0903225806451613,1,1
2025-10-30,0.025166636842274936,0.7181157541366168,0.04116974533960205,16.91,-0.02254335260115614,1,0
2025-10-31,-0.0010302988972668015,-0.4755609273999679,0.032379169260471796,17.44,0.06536346976175933,1,1
2025-11-03,0.008997470597568835,-0.24146694883097897,0.020478953668032096,17.17,0.08739708676377478,1,0
2025-11-04,-0.021782012720963917,0.009816692405828276,0.018135014373948932,19.0,0.15712545676004863,0,1
2025-11-05,0.024392839969867186,0.030982366083302404,0.03273965965868597,18.01,0.06442080378250581,1,1
2025-11-06,0.0015476150862951954,0.19875009271113142,0.025645554099063883,19.5,0.15316380839739807,1,0
2025-11-07,-0.02079021396921643,-0.07247078571889731,0.031214783464815765,19.08,0.09403669724770625,0,1
2025-11-10,0.040418965226070025,-0.14275977679555452,0.02807043361590278,17.6,0.025043680838672033,1,1
2025-11-11,0.00417094598283585,-0.3286903742899385,0.016010044501790777,17.28,-0.09052631578947368,1,0
2025-11-12,-0.015790759472957605,0.2513746024866319,0.029327812938833464,17.51,-0.027762354247640175,1,0
2025-11-13,-0.028391002662824016,0.18784207749527781,0.020199128194967386,20.0,0.02564102564102555,0,0
2025-11-14,-0.007753898859597652,0.07300467891774609,0.029035777602962165,19.83,0.03930817610062887,0,1
2025-11-17,0.031149326136862943,0.6642925756465028,0.03660473468530312,22.38,0.271590909090909,1,0
2025-11-18,-0.002596274868074233,-0.0666695778637636,0.03810199540195991,24.69,0.4288194444444444,1,1
2025-11-19,0.03000562408866192,0.387321064226678,0.05993787245967219,23.66,0.35122786978869214,1,0
2025-11-20,-0.011474967998284069,-0.09052492048991989,0.06148889449663453,26.42,0.3210000000000002,1,1
2025-11-21,0.035273764119848616,0.195283529920097,0.03426920917153686,23.43,0.1815431164901664,1,0
